{"cameraMode":{"drawMode":0,"name":"Shaded","section":"Shading Mode"},"sceneLighting":false,"audioPlay":false,"sceneViewState":{"showFog":false,"showMaterialUpdate":false,"showSkybox":false,"showFlares":false,"showImageEffects":false,"showParticleSystems":false},"in2DMode":false,"pivot":{"x":0.2832352817058563,"y":-18.56572914123535,"z":74.27332305908203},"rotation":{"x":0.00024790322640910745,"y":-0.9919732213020325,"z":-0.12684838473796845,"w":-0.0002729227126110345},"size":0.7880830764770508,"orthographic":false}