{"cameraMode":{"drawMode":0,"name":"Shaded","section":"Shading Mode"},"sceneLighting":false,"audioPlay":false,"sceneViewState":{"showFog":false,"showMaterialUpdate":false,"showSkybox":false,"showFlares":false,"showImageEffects":false,"showParticleSystems":false},"in2DMode":false,"pivot":{"x":2.140000343322754,"y":14.540000915527344,"z":3.1599998474121095},"rotation":{"x":0.09678158909082413,"y":0.8317408561706543,"z":-0.15341226756572724,"w":0.52470463514328},"size":12.124356269836426,"orthographic":true}